setting,tree,runtime,chainLength,nSamples,runtime_min,runtime_chain,runtime_conv,nCells,converged,seed,method
baseline_large,tree_s,6h31m4s/Msamples,40955000,22590000,391.066666666667,266.935588888889,147.2366,1024,TRUE,1,TiDe
baseline_large,tree_s,8h6m38s/Msamples,46325000,18625000,486.633333333333,375.721486111111,151.059097222222,1024,TRUE,2,TiDe
baseline_large,tree_s,7h4m36s/Msamples,65570000,47050000,424.6,464.017033333333,332.957166666667,1024,TRUE,3,TiDe
baseline_large,tree_s,6h37m54s/Msamples,50320000,39525000,397.9,333.705466666667,262.116625,1024,TRUE,4,TiDe
baseline_large,tree_s,7h10m31s/Msamples,63435000,90064733.8354759,430.516666666667,455.163745833333,646.239483251161,1024,FALSE,5,TiDe
baseline_large,tree_s,7h4m7s/Msamples,46185000,31610000,424.116666666667,326.463804166667,223.438797222222,1024,TRUE,6,TiDe
baseline_large,tree_s,6h49m49s/Msamples,64130000,56405000,409.816666666667,438.025713888889,385.261818055556,1024,TRUE,7,TiDe
baseline_large,tree_s,6h51m55s/Msamples,51030000,37095000,411.916666666667,350.335125,254.667479166667,1024,TRUE,8,TiDe
baseline_large,tree_s,6h55m58s/Msamples,50780000,45570000,415.966666666667,352.046455555556,315.926683333333,1024,TRUE,9,TiDe
baseline_large,tree_s,7h20m48s/Msamples,64435000,55435000,440.8,473.382466666667,407.262466666667,1024,TRUE,10,TiDe
baseline_large,tree_s,6h53m30s/Msamples,49625000,37455000,413.5,341.998958333333,258.127375,1024,TRUE,11,TiDe
baseline_large,tree_s,7h1m49s/Msamples,40610000,24055000,421.816666666667,285.499580555556,169.113331944444,1024,TRUE,12,TiDe
baseline_large,tree_s,7h18m28s/Msamples,38245000,20820000,438.466666666667,279.485961111111,152.147933333333,1024,TRUE,13,TiDe
baseline_large,tree_s,7h58m53s/Msamples,61500000,123683221.138928,478.883333333333,490.855416666667,987.163886940231,1024,FALSE,14,TiDe
baseline_large,tree_s,7h35m23s/Msamples,44115000,20405000,455.383333333333,334.820595833333,154.868281944444,1024,TRUE,15,TiDe
baseline_large,tree_s,7h10m34s/Msamples,45700000,28565000,430.566666666667,327.948277777778,204.985613888889,1024,TRUE,16,TiDe
baseline_large,tree_s,7h9m24s/Msamples,47385000,27730000,429.4,339.11865,198.454366666667,1024,TRUE,17,TiDe
baseline_large,tree_s,7h19m16s/Msamples,39255000,14920000,439.266666666667,287.390216666667,109.230977777778,1024,TRUE,18,TiDe
baseline_large,tree_s,7h6m35s/Msamples,48015000,38295000,426.583333333333,341.3733125,272.2668125,1024,TRUE,19,TiDe
baseline_large,tree_s,7h21m49s/Msamples,46770000,27670000,441.816666666667,344.396091666667,203.751119444444,1024,TRUE,20,TiDe
baseline_large,tree_ss,5h47m48s/Msamples,47845000,16780000,347.8,277.341516666667,97.2680666666667,819,TRUE,1,TiDe
baseline_large,tree_ss,5h49m41s/Msamples,80355000,68030000,349.683333333333,468.313404166667,396.482619444444,819,TRUE,2,TiDe
baseline_large,tree_ss,5h56m35s/Msamples,77685000,68760000,356.583333333333,461.686270833333,408.6445,819,TRUE,3,TiDe
baseline_large,tree_ss,6h52m10s/Msamples,45045000,12500000,412.166666666667,309.434125,85.8680555555556,819,TRUE,4,TiDe
baseline_large,tree_ss,5h40m49s/Msamples,75585000,147416230.167431,340.816666666667,429.343795833333,837.365136303834,819,FALSE,5,TiDe
baseline_large,tree_ss,5h49m56s/Msamples,74555000,48950000,349.933333333333,434.821327777778,285.487277777778,819,TRUE,6,TiDe
baseline_large,tree_ss,5h46m10s/Msamples,76110000,38105000,346.166666666667,439.112416666667,219.844680555556,819,TRUE,7,TiDe
baseline_large,tree_ss,6h33m16s/Msamples,74635000,113261084.907293,393.266666666667,489.190961111111,742.363488742359,819,FALSE,8,TiDe
baseline_large,tree_ss,6h42m2s/Msamples,57565000,23250000,402.033333333333,385.717480555556,155.787916666667,819,TRUE,9,TiDe
baseline_large,tree_ss,6h39m3s/Msamples,57150000,37710000,399.05,380.095125,250.802925,819,TRUE,10,TiDe
baseline_large,tree_ss,7h21m25s/Msamples,45935000,24585000,441.416666666667,337.941243055556,180.870479166667,819,TRUE,11,TiDe
baseline_large,tree_ss,6h42m33s/Msamples,54585000,42950000,402.55,366.2198625,288.158708333333,819,TRUE,12,TiDe
baseline_large,tree_ss,6h46m40s/Msamples,49740000,19965000,406.666666666667,337.126666666667,135.318333333333,819,TRUE,13,TiDe
baseline_large,tree_ss,6h18m32s/Msamples,71845000,104820751.977235,378.533333333333,453.262122222222,661.302477474159,819,FALSE,14,TiDe
baseline_large,tree_ss,5h44m54s/Msamples,55825000,18575000,344.9,320.900708333333,106.775291666667,819,TRUE,15,TiDe
baseline_large,tree_ss,5h39m35s/Msamples,44385000,21430000,339.583333333333,251.206770833333,121.287847222222,819,TRUE,16,TiDe
baseline_large,tree_ss,7h0m47s/Msamples,42830000,27775000,420.783333333333,300.369169444444,194.787618055556,819,TRUE,17,TiDe
baseline_large,tree_ss,5h6m14s/Msamples,60490000,29040000,306.233333333333,308.734238888889,148.216933333333,819,TRUE,18,TiDe
baseline_large,tree_ss,5h54m38s/Msamples,57560000,34750000,354.633333333333,340.211577777778,205.391805555556,819,TRUE,19,TiDe
baseline_large,tree_ss,6h17m33s/Msamples,52060000,25700000,377.55,327.58755,161.71725,819,TRUE,20,TiDe
baseline_large,tree_sd,10h34m16s/Msamples,44765000,51190012.9852361,634.266666666667,473.215788888889,541.135315046151,1439,FALSE,1,TiDe
baseline_large,tree_sd,11h23m17s/Msamples,40730000,88980869.3604655,683.283333333333,463.835502777778,1013.31908365861,1597,FALSE,2,TiDe
baseline_large,tree_sd,11h23m42s/Msamples,42015000,62276323.4524016,683.7,478.760925,709.638705740116,1476,FALSE,3,TiDe
baseline_large,tree_sd,11h50m22s/Msamples,39530000,58705788.2186303,710.366666666667,468.013238888889,695.043918181795,1570,FALSE,4,TiDe
baseline_large,tree_sd,4h18m15s/Msamples,82670000,55260000,258.25,355.825458333333,237.84825,601,TRUE,5,TiDe
baseline_large,tree_sd,3h59m25s/Msamples,59270000,24420000,239.416666666667,236.503763888889,97.4425833333333,543,TRUE,6,TiDe
baseline_large,tree_sd,8h1m9s/Msamples,44925000,36985000,481.15,360.2610625,296.588879166667,1101,TRUE,7,TiDe
baseline_large,tree_sd,10h43m19s/Msamples,38015000,73755544.3696824,643.316666666667,407.594718055556,790.802849201492,1668,FALSE,8,TiDe
baseline_large,tree_sd,8h13m24s/Msamples,41250000,22620000,493.4,339.2125,186.0118,1007,TRUE,9,TiDe
baseline_large,tree_sd,6h25m41s/Msamples,62580000,32250000,385.683333333333,402.267716666667,207.304791666667,936,TRUE,10,TiDe
baseline_large,tree_sd,11h11m17s/Msamples,35600000,72084049.6038868,671.283333333333,398.294777777778,806.480351637708,1654,FALSE,11,TiDe
baseline_large,tree_sd,6h49m20s/Msamples,51845000,36180000,409.333333333333,353.698111111111,246.828,845,TRUE,12,TiDe
baseline_large,tree_sd,10h33m14s/Msamples,35100000,30505000,633.233333333333,370.4415,321.946380555556,1641,TRUE,13,TiDe
baseline_large,tree_sd,5h13m17s/Msamples,61670000,47660000,313.283333333333,322.003052777778,248.851394444444,716,TRUE,14,TiDe
baseline_large,tree_sd,9h17m48s/Msamples,39520000,28945000,557.8,367.404266666667,269.092016666667,1466,TRUE,15,TiDe
baseline_large,tree_sd,3h39m21s/Msamples,75895000,15085000,219.35,277.459470833333,55.1482458333333,367,TRUE,16,TiDe
baseline_large,tree_sd,6h31m10s/Msamples,42940000,19785000,391.166666666667,279.944944444444,128.987208333333,656,TRUE,17,TiDe
baseline_large,tree_sd,4h30m32s/Msamples,60005000,11495000,270.533333333333,270.555877777778,51.8296777777778,475,TRUE,18,TiDe
baseline_large,tree_sd,5h26m32s/Msamples,50045000,1.4e+07,326.533333333333,272.356011111111,76.1911111111111,551,TRUE,19,TiDe
baseline_large,tree_sd,4h49m10s/Msamples,58140000,16805000,289.166666666667,280.2025,80.9907638888889,475,TRUE,20,TiDe
baseline_large,tree_sds,8h25m5s/Msamples,57305000,86270237.8291115,505.083333333333,482.396673611111,726.227654836451,1160,FALSE,1,TiDe
baseline_large,tree_sds,7h56m7s/Msamples,56515000,36645000,476.116666666667,448.462223611111,290.788254166667,1097,TRUE,2,TiDe
baseline_large,tree_sds,6h54m26s/Msamples,47950000,37790000,414.433333333333,331.201305555556,261.023927777778,924,TRUE,3,TiDe
baseline_large,tree_sds,8h27m49s/Msamples,39005000,25395000,507.816666666667,330.123151388889,214.933404166667,1139,TRUE,4,TiDe
baseline_large,tree_sds,6h31m55s/Msamples,71890000,82623711.7839591,391.916666666667,469.581486111111,539.693495166611,804,FALSE,5,TiDe
baseline_large,tree_sds,4h56m7s/Msamples,65730000,43065000,296.116666666667,324.395808333333,212.5377375,673,TRUE,6,TiDe
baseline_large,tree_sds,6h16m42s/Msamples,52830000,24275000,376.7,331.68435,152.406541666667,882,TRUE,7,TiDe
baseline_large,tree_sds,8h42m26s/Msamples,52515000,111782833.758041,522.433333333333,457.259775,973.31797416099,1102,FALSE,8,TiDe
baseline_large,tree_sds,4h51m4s/Msamples,65955000,18590000,291.066666666667,319.955033333333,90.1821555555556,644,TRUE,9,TiDe
baseline_large,tree_sds,6h19m17s/Msamples,79570000,64450000,379.283333333333,502.992913888889,407.413513888889,799,TRUE,10,TiDe
baseline_large,tree_sds,9h35m11s/Msamples,51290000,35120000,575.183333333333,491.685886111111,336.673977777778,1231,TRUE,11,TiDe
baseline_large,tree_sds,6h29m19s/Msamples,68025000,55795000,389.316666666667,441.387770833333,362.032056944444,942,TRUE,12,TiDe
baseline_large,tree_sds,7h40m38s/Msamples,48305000,22825000,460.633333333333,370.848219444444,175.232597222222,999,TRUE,13,TiDe
baseline_large,tree_sds,3h45m3s/Msamples,95595000,45555000,225.05,358.5609125,170.8692125,486,TRUE,14,TiDe
baseline_large,tree_sds,5h27m59s/Msamples,51795000,16175000,327.983333333333,283.1316125,88.4188402777778,760,TRUE,15,TiDe
baseline_large,tree_sds,9h31m8s/Msamples,46475000,42140000,571.133333333333,442.390361111111,401.125977777778,1317,TRUE,16,TiDe
baseline_large,tree_sds,7h4m40s/Msamples,62040000,18695000,424.666666666667,439.105333333333,132.319055555556,1027,TRUE,17,TiDe
baseline_large,tree_sds,7h26m22s/Msamples,47830000,45275000,446.366666666667,355.828627777778,336.820847222222,1045,TRUE,18,TiDe
baseline_large,tree_sds,6h51m44s/Msamples,49460000,34440000,411.733333333333,339.405511111111,236.334933333333,1021,TRUE,19,TiDe
baseline_large,tree_sds,6h51m25s/Msamples,47785000,34770000,411.416666666667,327.659090277778,238.415958333333,989,TRUE,20,TiDe
baseline_large,tree_bd,10h47m8s/Msamples,41530000,45279448.9600231,647.133333333333,447.924122222222,488.364012283272,1421,FALSE,1,TiDe
baseline_large,tree_bd,3h4m14s/Msamples,74140000,25905000,184.233333333333,227.650988888889,79.5427416666667,500,TRUE,2,TiDe
baseline_large,tree_bd,9h29m44s/Msamples,46735000,51772892.3990536,569.733333333333,443.774788888889,491.612376047014,1288,FALSE,3,TiDe
baseline_large,tree_bd,6h45m2s/Msamples,47215000,34215000,405.033333333333,318.727480555556,230.970258333333,955,TRUE,4,TiDe
baseline_large,tree_bd,9h31m7s/Msamples,46965000,127297439.740431,571.116666666667,447.041570833333,1211.69482432926,1261,FALSE,5,TiDe
baseline_large,tree_bd,3h23m17s/Msamples,70935000,36085000,203.283333333333,240.331720833333,122.257984722222,503,TRUE,6,TiDe
baseline_large,tree_bd,10h56m20s/Msamples,40110000,106163952.251676,656.333333333333,438.758833333333,1161.31567768639,1463,FALSE,7,TiDe
baseline_large,tree_bd,7h0m5s/Msamples,57745000,120924165.194993,420.083333333333,404.295201388889,846.63710659439,1047,FALSE,8,TiDe
baseline_large,tree_bd,8h25m37s/Msamples,36670000,30660000,505.616666666667,309.016052777778,258.370116666667,1219,TRUE,9,TiDe
baseline_large,tree_bd,3h50m44s/Msamples,106990000,67190000,230.733333333333,411.435988888889,258.382877777778,578,TRUE,10,TiDe
baseline_large,tree_bd,4h53m16s/Msamples,49825000,26475000,293.266666666667,243.533527777778,129.403916666667,675,TRUE,11,TiDe
baseline_large,tree_bd,3h57m54s/Msamples,68275000,17320000,237.9,270.710375,68.6738,494,TRUE,12,TiDe
baseline_large,tree_bd,5h29m58s/Msamples,71085000,74536572.1012778,329.966666666667,390.928008333333,409.909737350305,813,FALSE,13,TiDe
baseline_large,tree_bd,2h39m56s/Msamples,125420000,55035000,159.933333333333,334.313977777778,146.69885,332,TRUE,14,TiDe
baseline_large,tree_bd,8h59m21s/Msamples,43190000,47823184.6753096,539.35,388.242108333333,429.890577577137,1321,FALSE,15,TiDe
baseline_large,tree_bd,5h12m42s/Msamples,54535000,16945000,312.7,284.218241666667,88.3116916666667,670,TRUE,16,TiDe
baseline_large,tree_bd,8h42m11s/Msamples,49620000,30955000,522.183333333333,431.845616666667,269.403084722222,1140,TRUE,17,TiDe
baseline_large,tree_bd,3h25m6s/Msamples,88435000,13835000,205.1,302.300308333333,47.2926416666667,434,TRUE,18,TiDe
baseline_large,tree_bd,5h17m4s/Msamples,81335000,98532092.2198237,317.066666666667,429.810288888889,520.687367330535,747,FALSE,19,TiDe
baseline_large,tree_bd,5h58m0s/Msamples,48715000,10865000,358,290.666166666667,64.8278333333333,781,TRUE,20,TiDe
baseline_noise,tree_s,22m27s/Msamples,100000000,12495000,22.45,37.4166666666667,4.6752125,134,TRUE,1,TiDe
baseline_noise,tree_s,32m7s/Msamples,100000000,14495000,32.1166666666667,53.5277777777778,7.75885138888889,146,TRUE,2,TiDe
baseline_noise,tree_s,22m44s/Msamples,100000000,13495000,22.7333333333333,37.8888888888889,5.11310555555556,116,TRUE,3,TiDe
baseline_noise,tree_s,18m12s/Msamples,100000000,11995000,18.2,30.3333333333333,3.63848333333333,103,TRUE,4,TiDe
baseline_noise,tree_s,17m27s/Msamples,100000000,12495000,17.45,29.0833333333333,3.6339625,113,TRUE,5,TiDe
baseline_noise,tree_s,28m20s/Msamples,100000000,16995000,28.3333333333333,47.2222222222222,8.02541666666667,143,TRUE,6,TiDe
baseline_noise,tree_s,19m54s/Msamples,100000000,12495000,19.9,33.1666666666667,4.144175,114,TRUE,7,TiDe
baseline_noise,tree_s,26m5s/Msamples,100000000,14495000,26.0833333333333,43.4722222222222,6.30129861111111,134,TRUE,8,TiDe
baseline_noise,tree_s,23m46s/Msamples,100000000,13495000,23.7666666666667,39.6111111111111,5.34551944444444,123,TRUE,9,TiDe
baseline_noise,tree_s,27m43s/Msamples,100000000,15495000,27.7166666666667,46.1944444444444,7.15782916666667,144,TRUE,10,TiDe
baseline_noise,tree_s,25m6s/Msamples,100000000,15495000,25.1,41.8333333333333,6.482075,140,TRUE,11,TiDe
baseline_noise,tree_s,18m7s/Msamples,100000000,13495000,18.1166666666667,30.1944444444444,4.07474027777778,120,TRUE,12,TiDe
baseline_noise,tree_s,19m56s/Msamples,100000000,14495000,19.9333333333333,33.2222222222222,4.81556111111111,116,TRUE,13,TiDe
baseline_noise,tree_s,23m23s/Msamples,100000000,14495000,23.3833333333333,38.9722222222222,5.64902361111111,103,TRUE,14,TiDe
baseline_noise,tree_s,27m24s/Msamples,100000000,13495000,27.4,45.6666666666667,6.16271666666667,139,TRUE,15,TiDe
baseline_noise,tree_s,18m35s/Msamples,100000000,12995000,18.5833333333333,30.9722222222222,4.02484027777778,109,TRUE,16,TiDe
baseline_noise,tree_s,21m12s/Msamples,100000000,12995000,21.2,35.3333333333333,4.59156666666667,116,TRUE,17,TiDe
baseline_noise,tree_s,24m34s/Msamples,100000000,12495000,24.5666666666667,40.9444444444444,5.11600833333333,133,TRUE,18,TiDe
baseline_noise,tree_s,21m56s/Msamples,100000000,12995000,21.9333333333333,36.5555555555556,4.75039444444444,123,TRUE,19,TiDe
baseline_noise,tree_s,22m0s/Msamples,100000000,12995000,22,36.6666666666667,4.76483333333333,133,TRUE,20,TiDe
baseline_noise,tree_ss,15m50s/Msamples,100000000,13495000,15.8333333333333,26.3888888888889,3.56118055555556,90,TRUE,1,TiDe
baseline_noise,tree_ss,22m46s/Msamples,100000000,12495000,22.7666666666667,37.9444444444444,4.74115833333333,108,TRUE,2,TiDe
baseline_noise,tree_ss,23m22s/Msamples,100000000,12995000,23.3666666666667,38.9444444444444,5.06083055555556,132,TRUE,3,TiDe
baseline_noise,tree_ss,19m41s/Msamples,100000000,15995000,19.6833333333333,32.8055555555556,5.24724861111111,107,TRUE,4,TiDe
baseline_noise,tree_ss,14m58s/Msamples,100000000,12995000,14.9666666666667,24.9444444444444,3.24153055555556,90,TRUE,5,TiDe
baseline_noise,tree_ss,18m2s/Msamples,100000000,12995000,18.0333333333333,30.0555555555556,3.90571944444444,90,TRUE,6,TiDe
baseline_noise,tree_ss,15m6s/Msamples,100000000,13495000,15.1,25.1666666666667,3.39624166666667,84,TRUE,7,TiDe
baseline_noise,tree_ss,20m33s/Msamples,100000000,15495000,20.55,34.25,5.3070375,113,TRUE,8,TiDe
baseline_noise,tree_ss,18m50s/Msamples,100000000,11995000,18.8333333333333,31.3888888888889,3.76509722222222,92,TRUE,9,TiDe
baseline_noise,tree_ss,20m19s/Msamples,100000000,14495000,20.3166666666667,33.8611111111111,4.90816805555555,100,TRUE,10,TiDe
baseline_noise,tree_ss,15m31s/Msamples,100000000,12495000,15.5166666666667,25.8611111111111,3.23134583333333,89,TRUE,11,TiDe
baseline_noise,tree_ss,19m37s/Msamples,100000000,14495000,19.6166666666667,32.6944444444444,4.73905972222222,131,TRUE,12,TiDe
baseline_noise,tree_ss,15m53s/Msamples,100000000,11995000,15.8833333333333,26.4722222222222,3.17534305555556,89,TRUE,13,TiDe
baseline_noise,tree_ss,20m53s/Msamples,100000000,11995000,20.8833333333333,34.8055555555556,4.17492638888889,95,TRUE,14,TiDe
baseline_noise,tree_ss,26m7s/Msamples,100000000,12495000,26.1166666666667,43.5277777777778,5.43879583333333,138,TRUE,15,TiDe
baseline_noise,tree_ss,14m26s/Msamples,100000000,12495000,14.4333333333333,24.0555555555556,3.00574166666667,85,TRUE,16,TiDe
baseline_noise,tree_ss,21m29s/Msamples,100000000,11995000,21.4833333333333,35.8055555555556,4.29487638888889,97,TRUE,17,TiDe
baseline_noise,tree_ss,20m30s/Msamples,100000000,16995000,20.5,34.1666666666667,5.806625,130,TRUE,18,TiDe
baseline_noise,tree_ss,16m8s/Msamples,100000000,12995000,16.1333333333333,26.8888888888889,3.49421111111111,94,TRUE,19,TiDe
baseline_noise,tree_ss,18m5s/Msamples,100000000,13495000,18.0833333333333,30.1388888888889,4.06724305555556,103,TRUE,20,TiDe
baseline_noise,tree_sd,27m35s/Msamples,100000000,14495000,27.5833333333333,45.9722222222222,6.66367361111111,158,TRUE,1,TiDe
baseline_noise,tree_sd,32m13s/Msamples,100000000,14495000,32.2166666666667,53.6944444444444,7.78300972222222,163,TRUE,2,TiDe
baseline_noise,tree_sd,36m39s/Msamples,98415000,14835000,36.65,60.1151625,9.0617125,175,TRUE,3,TiDe
baseline_noise,tree_sd,39m32s/Msamples,91170000,22610000,39.5333333333333,60.0709,14.8974777777778,250,TRUE,4,TiDe
baseline_noise,tree_sd,12m47s/Msamples,100000000,12495000,12.7833333333333,21.3055555555556,2.66212916666667,77,TRUE,5,TiDe
baseline_noise,tree_sd,11m49s/Msamples,100000000,11495000,11.8166666666667,19.6944444444444,2.26387638888889,63,TRUE,6,TiDe
baseline_noise,tree_sd,22m13s/Msamples,100000000,13995000,22.2166666666667,37.0277777777778,5.1820375,130,TRUE,7,TiDe
baseline_noise,tree_sd,37m32s/Msamples,95970000,15590000,37.5333333333333,60.0345666666667,9.75241111111111,193,TRUE,8,TiDe
baseline_noise,tree_sd,24m1s/Msamples,100000000,12995000,24.0166666666667,40.0277777777778,5.20160972222222,120,TRUE,9,TiDe
baseline_noise,tree_sd,24m44s/Msamples,100000000,14495000,24.7333333333333,41.2222222222222,5.97516111111111,125,TRUE,10,TiDe
baseline_noise,tree_sd,41m36s/Msamples,86635000,24155000,41.6,60.0669333333333,16.7474666666667,218,TRUE,11,TiDe
baseline_noise,tree_sd,15m42s/Msamples,100000000,13495000,15.7,26.1666666666667,3.53119166666667,100,TRUE,12,TiDe
baseline_noise,tree_sd,31m34s/Msamples,100000000,13995000,31.5666666666667,52.6111111111111,7.362925,188,TRUE,13,TiDe
baseline_noise,tree_sd,17m43s/Msamples,100000000,12995000,17.7166666666667,29.5277777777778,3.83713472222222,79,TRUE,14,TiDe
baseline_noise,tree_sd,33m8s/Msamples,100000000,15495000,33.1333333333333,55.2222222222222,8.55668333333333,185,TRUE,15,TiDe
baseline_noise,tree_sd,9m21s/Msamples,100000000,11495000,9.35,15.5833333333333,1.79130416666667,53,TRUE,16,TiDe
baseline_noise,tree_sd,14m8s/Msamples,100000000,12495000,14.1333333333333,23.5555555555556,2.94326666666667,74,TRUE,17,TiDe
baseline_noise,tree_sd,13m14s/Msamples,100000000,11495000,13.2333333333333,22.0555555555556,2.53528611111111,70,TRUE,18,TiDe
baseline_noise,tree_sd,10m47s/Msamples,100000000,11495000,10.7833333333333,17.9722222222222,2.06590694444444,58,TRUE,19,TiDe
baseline_noise,tree_sd,14m40s/Msamples,100000000,11495000,14.6666666666667,24.4444444444444,2.80988888888889,66,TRUE,20,TiDe
baseline_noise,tree_sds,28m40s/Msamples,100000000,14495000,28.6666666666667,47.7777777777778,6.92538888888889,144,TRUE,1,TiDe
baseline_noise,tree_sds,31m15s/Msamples,100000000,15495000,31.25,52.0833333333333,8.0703125,135,TRUE,2,TiDe
baseline_noise,tree_sds,19m48s/Msamples,100000000,14995000,19.8,33,4.94835,134,TRUE,3,TiDe
baseline_noise,tree_sds,35m44s/Msamples,100000000,16995000,35.7333333333333,59.5555555555556,10.1214666666667,193,TRUE,4,TiDe
baseline_noise,tree_sds,20m28s/Msamples,100000000,13995000,20.4666666666667,34.1111111111111,4.77385,115,TRUE,5,TiDe
baseline_noise,tree_sds,12m42s/Msamples,100000000,13495000,12.7,21.1666666666667,2.85644166666667,80,TRUE,6,TiDe
baseline_noise,tree_sds,22m37s/Msamples,100000000,15495000,22.6166666666667,37.6944444444444,5.84075416666667,148,TRUE,7,TiDe
baseline_noise,tree_sds,24m14s/Msamples,100000000,12995000,24.2333333333333,40.3888888888889,5.24853611111111,113,TRUE,8,TiDe
baseline_noise,tree_sds,17m4s/Msamples,100000000,11495000,17.0666666666667,28.4444444444444,3.26968888888889,77,TRUE,9,TiDe
baseline_noise,tree_sds,21m26s/Msamples,100000000,13495000,21.4333333333333,35.7222222222222,4.82071388888889,114,TRUE,10,TiDe
baseline_noise,tree_sds,20m47s/Msamples,100000000,13995000,20.7833333333333,34.6388888888889,4.8477125,128,TRUE,11,TiDe
baseline_noise,tree_sds,18m15s/Msamples,100000000,12995000,18.25,30.4166666666667,3.95264583333333,100,TRUE,12,TiDe
baseline_noise,tree_sds,25m50s/Msamples,100000000,18995000,25.8333333333333,43.0555555555556,8.17840277777778,159,TRUE,13,TiDe
baseline_noise,tree_sds,12m53s/Msamples,100000000,11495000,12.8833333333333,21.4722222222222,2.46823194444444,55,TRUE,14,TiDe
baseline_noise,tree_sds,18m24s/Msamples,100000000,12495000,18.4,30.6666666666667,3.8318,88,TRUE,15,TiDe
baseline_noise,tree_sds,26m13s/Msamples,100000000,15495000,26.2166666666667,43.6944444444444,6.77045416666667,136,TRUE,16,TiDe
baseline_noise,tree_sds,20m46s/Msamples,100000000,12995000,20.7666666666667,34.6111111111111,4.49771388888889,112,TRUE,17,TiDe
baseline_noise,tree_sds,22m40s/Msamples,100000000,17995000,22.6666666666667,37.7777777777778,6.79811111111111,160,TRUE,18,TiDe
baseline_noise,tree_sds,20m43s/Msamples,100000000,13995000,20.7166666666667,34.5277777777778,4.8321625,114,TRUE,19,TiDe
baseline_noise,tree_sds,20m50s/Msamples,100000000,14495000,20.8333333333333,34.7222222222222,5.03298611111111,147,TRUE,20,TiDe
baseline_noise,tree_bd,25m11s/Msamples,100000000,16495000,25.1833333333333,41.9722222222222,6.92331805555556,152,TRUE,1,TiDe
baseline_noise,tree_bd,12m15s/Msamples,100000000,11995000,12.25,20.4166666666667,2.44897916666667,51,TRUE,2,TiDe
baseline_noise,tree_bd,25m39s/Msamples,100000000,18495000,25.65,42.75,7.9066125,145,TRUE,3,TiDe
baseline_noise,tree_bd,17m2s/Msamples,100000000,13495000,17.0333333333333,28.3888888888889,3.83108055555556,97,TRUE,4,TiDe
baseline_noise,tree_bd,22m7s/Msamples,100000000,15495000,22.1166666666667,36.8611111111111,5.71162916666667,141,TRUE,5,TiDe
baseline_noise,tree_bd,10m56s/Msamples,100000000,11495000,10.9333333333333,18.2222222222222,2.09464444444444,62,TRUE,6,TiDe
baseline_noise,tree_bd,28m32s/Msamples,100000000,19495000,28.5333333333333,47.5555555555556,9.27095555555556,171,TRUE,7,TiDe
baseline_noise,tree_bd,28m50s/Msamples,100000000,13995000,28.8333333333333,48.0555555555556,6.725375,167,TRUE,8,TiDe
baseline_noise,tree_bd,27m2s/Msamples,100000000,13495000,27.0333333333333,45.0555555555556,6.08024722222222,138,TRUE,9,TiDe
baseline_noise,tree_bd,10m41s/Msamples,100000000,12495000,10.6833333333333,17.8055555555556,2.22480416666667,62,TRUE,10,TiDe
baseline_noise,tree_bd,13m21s/Msamples,100000000,11995000,13.35,22.25,2.6688875,82,TRUE,11,TiDe
baseline_noise,tree_bd,13m10s/Msamples,100000000,11495000,13.1666666666667,21.9444444444444,2.52251388888889,67,TRUE,12,TiDe
baseline_noise,tree_bd,20m44s/Msamples,100000000,11995000,20.7333333333333,34.5555555555556,4.14493888888889,86,TRUE,13,TiDe
baseline_noise,tree_bd,11m14s/Msamples,100000000,11495000,11.2333333333333,18.7222222222222,2.15211944444444,44,TRUE,14,TiDe
baseline_noise,tree_bd,29m29s/Msamples,100000000,13995000,29.4833333333333,49.1388888888889,6.8769875,160,TRUE,15,TiDe
baseline_noise,tree_bd,17m25s/Msamples,100000000,13495000,17.4166666666667,29.0277777777778,3.91729861111111,100,TRUE,16,TiDe
baseline_noise,tree_bd,19m4s/Msamples,100000000,13995000,19.0666666666667,31.7777777777778,4.4473,127,TRUE,17,TiDe
baseline_noise,tree_bd,13m25s/Msamples,100000000,11995000,13.4166666666667,22.3611111111111,2.68221527777778,76,TRUE,18,TiDe
baseline_noise,tree_bd,18m44s/Msamples,100000000,12995000,18.7333333333333,31.2222222222222,4.05732777777778,104,TRUE,19,TiDe
baseline_noise,tree_bd,13m25s/Msamples,100000000,14995000,13.4166666666667,22.3611111111111,3.35304861111111,82,TRUE,20,TiDe
baseline_sampled,tree_ss,35m52s/Msamples,100000000,11495000,35.8666666666667,59.7777777777778,6.87145555555556,82,TRUE,1,TiDe
baseline_sampled,tree_ss,33m42s/Msamples,100000000,11995000,33.7,56.1666666666667,6.73719166666667,81,TRUE,2,TiDe
baseline_sampled,tree_ss,36m11s/Msamples,100000000,11495000,36.1833333333333,60.3055555555556,6.93212361111111,82,TRUE,3,TiDe
baseline_sampled,tree_ss,31m44s/Msamples,100000000,11495000,31.7333333333333,52.8888888888889,6.07957777777778,82,TRUE,4,TiDe
baseline_sampled,tree_ss,35m13s/Msamples,100000000,11495000,35.2166666666667,58.6944444444444,6.74692638888889,82,TRUE,5,TiDe
baseline_sampled,tree_ss,35m48s/Msamples,100000000,11495000,35.8,59.6666666666667,6.85868333333333,82,TRUE,6,TiDe
baseline_sampled,tree_ss,36m23s/Msamples,100000000,11495000,36.3833333333333,60.6388888888889,6.97044027777778,82,TRUE,7,TiDe
baseline_sampled,tree_ss,32m55s/Msamples,100000000,11495000,32.9166666666667,54.8611111111111,6.30628472222222,82,TRUE,8,TiDe
baseline_sampled,tree_ss,31m34s/Msamples,100000000,11995000,31.5666666666667,52.6111111111111,6.31070277777778,82,TRUE,9,TiDe
baseline_sampled,tree_ss,33m43s/Msamples,100000000,12495000,33.7166666666667,56.1944444444444,7.02149583333333,82,TRUE,10,TiDe
baseline_sampled,tree_ss,32m43s/Msamples,100000000,11495000,32.7166666666667,54.5277777777778,6.26796805555556,82,TRUE,11,TiDe
baseline_sampled,tree_ss,34m11s/Msamples,100000000,11495000,34.1833333333333,56.9722222222222,6.54895694444444,82,TRUE,12,TiDe
baseline_sampled,tree_ss,32m6s/Msamples,100000000,11495000,32.1,53.5,6.149825,82,TRUE,13,TiDe
baseline_sampled,tree_ss,33m12s/Msamples,100000000,11495000,33.2,55.3333333333333,6.36056666666667,81,TRUE,14,TiDe
baseline_sampled,tree_ss,34m55s/Msamples,100000000,11495000,34.9166666666667,58.1944444444444,6.68945138888889,82,TRUE,15,TiDe
baseline_sampled,tree_ss,37m12s/Msamples,100000000,11495000,37.2,62,7.1269,82,TRUE,16,TiDe
baseline_sampled,tree_ss,31m50s/Msamples,100000000,11495000,31.8333333333333,53.0555555555556,6.09873611111111,82,TRUE,17,TiDe
baseline_sampled,tree_ss,34m3s/Msamples,100000000,11495000,34.05,56.75,6.5234125,82,TRUE,18,TiDe
baseline_sampled,tree_ss,30m21s/Msamples,100000000,11495000,30.35,50.5833333333333,5.81455416666667,82,TRUE,19,TiDe
baseline_sampled,tree_ss,37m41s/Msamples,100000000,11495000,37.6833333333333,62.8055555555556,7.21949861111111,82,TRUE,20,TiDe
baseline_sampled,tree_sds,56m9s/Msamples,78535000,9345000,56.15,73.4956708333333,8.7453625,116,TRUE,1,TiDe
baseline_sampled,tree_sds,54m59s/Msamples,80080000,10500000,54.9833333333333,73.3844222222222,9.62208333333333,110,TRUE,2,TiDe
baseline_sampled,tree_sds,36m12s/Msamples,100000000,11495000,36.2,60.3333333333333,6.93531666666667,92,TRUE,3,TiDe
baseline_sampled,tree_sds,44m37s/Msamples,98645000,11360000,44.6166666666667,73.3535180555556,8.44742222222222,114,TRUE,4,TiDe
baseline_sampled,tree_sds,31m11s/Msamples,100000000,11495000,31.1833333333333,51.9722222222222,5.97420694444444,80,TRUE,5,TiDe
baseline_sampled,tree_sds,30m38s/Msamples,100000000,11495000,30.6333333333333,51.0555555555556,5.86883611111111,67,TRUE,6,TiDe
baseline_sampled,tree_sds,36m57s/Msamples,100000000,11495000,36.95,61.5833333333333,7.07900416666667,88,TRUE,7,TiDe
baseline_sampled,tree_sds,46m48s/Msamples,94020000,11395000,46.8,73.3356,8.8881,110,TRUE,8,TiDe
baseline_sampled,tree_sds,29m58s/Msamples,100000000,11495000,29.9666666666667,49.9444444444444,5.74111388888889,64,TRUE,9,TiDe
baseline_sampled,tree_sds,34m30s/Msamples,100000000,11495000,34.5,57.5,6.609625,80,TRUE,10,TiDe
baseline_sampled,tree_sds,56m44s/Msamples,77585000,9750000,56.7333333333333,73.3609277777778,9.21916666666667,123,TRUE,11,TiDe
baseline_sampled,tree_sds,41m16s/Msamples,100000000,11495000,41.2666666666667,68.7777777777778,7.90600555555555,93,TRUE,12,TiDe
baseline_sampled,tree_sds,39m29s/Msamples,100000000,11995000,39.4833333333333,65.8055555555556,7.89337638888889,100,TRUE,13,TiDe
baseline_sampled,tree_sds,19m52s/Msamples,100000000,11495000,19.8666666666667,33.1111111111111,3.80612222222222,49,TRUE,14,TiDe
baseline_sampled,tree_sds,30m50s/Msamples,100000000,11495000,30.8333333333333,51.3888888888889,5.90715277777778,76,TRUE,15,TiDe
baseline_sampled,tree_sds,52m15s/Msamples,84220000,9915000,52.25,73.3415833333333,8.6343125,132,TRUE,16,TiDe
baseline_sampled,tree_sds,43m0s/Msamples,100000000,11495000,43,71.6666666666667,8.23808333333333,103,TRUE,17,TiDe
baseline_sampled,tree_sds,42m36s/Msamples,100000000,11495000,42.6,71,8.16145,104,TRUE,18,TiDe
baseline_sampled,tree_sds,44m46s/Msamples,98375000,11330000,44.7666666666667,73.3986805555556,8.45343888888889,102,TRUE,19,TiDe
baseline_sampled,tree_sds,41m48s/Msamples,100000000,11495000,41.8,69.6666666666667,8.00818333333333,99,TRUE,20,TiDe
baseline_sampled,tree_bd,1h1m29s/Msamples,71525000,8645000,61.4833333333333,73.2932569444445,8.85872361111111,142,TRUE,1,TiDe
baseline_sampled,tree_bd,20m59s/Msamples,100000000,11495000,20.9833333333333,34.9722222222222,4.02005694444444,50,TRUE,2,TiDe
baseline_sampled,tree_bd,52m16s/Msamples,84165000,10910000,52.2666666666667,73.3170666666667,9.50382222222222,129,TRUE,3,TiDe
baseline_sampled,tree_bd,41m59s/Msamples,100000000,11995000,41.9833333333333,69.9722222222222,8.39316805555556,96,TRUE,4,TiDe
baseline_sampled,tree_bd,1h0m29s/Msamples,72845000,10280000,60.4833333333333,73.4318069444444,10.3628111111111,126,TRUE,5,TiDe
baseline_sampled,tree_bd,24m4s/Msamples,100000000,11495000,24.0666666666667,40.1111111111111,4.61077222222222,50,TRUE,6,TiDe
baseline_sampled,tree_bd,1h0m55s/Msamples,72235000,11215000,60.9166666666667,73.3385902777778,11.3863402777778,145,TRUE,7,TiDe
baseline_sampled,tree_bd,42m13s/Msamples,100000000,11995000,42.2166666666667,70.3611111111111,8.43981527777778,105,TRUE,8,TiDe
baseline_sampled,tree_bd,50m13s/Msamples,87615000,11255000,50.2166666666667,73.3288875,9.41980972222222,122,TRUE,9,TiDe
baseline_sampled,tree_bd,23m53s/Msamples,100000000,11995000,23.8833333333333,39.8055555555556,4.77467638888889,58,TRUE,10,TiDe
baseline_sampled,tree_bd,30m5s/Msamples,100000000,11995000,30.0833333333333,50.1388888888889,6.01415972222222,68,TRUE,11,TiDe
baseline_sampled,tree_bd,21m33s/Msamples,100000000,11495000,21.55,35.9166666666667,4.12862083333333,49,TRUE,12,TiDe
baseline_sampled,tree_bd,33m29s/Msamples,100000000,11495000,33.4833333333333,55.8055555555556,6.41484861111111,81,TRUE,13,TiDe
baseline_sampled,tree_bd,15m18s/Msamples,100000000,11495000,15.3,25.5,2.931225,33,TRUE,14,TiDe
baseline_sampled,tree_bd,56m14s/Msamples,78235000,9315000,56.2333333333333,73.3235805555556,8.730225,132,TRUE,15,TiDe
baseline_sampled,tree_bd,26m22s/Msamples,100000000,11995000,26.3666666666667,43.9444444444444,5.27113611111111,67,TRUE,16,TiDe
baseline_sampled,tree_bd,46m16s/Msamples,95120000,12005000,46.2666666666667,73.3480888888889,9.25718888888889,114,TRUE,17,TiDe
baseline_sampled,tree_bd,19m14s/Msamples,100000000,11495000,19.2333333333333,32.0555555555556,3.68478611111111,43,TRUE,18,TiDe
baseline_sampled,tree_bd,33m11s/Msamples,100000000,11995000,33.1833333333333,55.3055555555556,6.63390138888889,75,TRUE,19,TiDe
baseline_sampled,tree_bd,29m19s/Msamples,100000000,11495000,29.3166666666667,48.8611111111111,5.61658472222222,78,TRUE,20,TiDe
baseline_large,tree_s,2h36m38s/Msamples,46060000,12600000,156.633333333333,120.242188888889,32.893,1024,TRUE,1,Typewriter
baseline_large,tree_s,2h6m16s/Msamples,57075000,10200000,126.266666666667,120.111166666667,21.4653333333333,1024,TRUE,2,Typewriter
baseline_large,tree_s,2h13m54s/Msamples,53785000,8870000,133.9,120.030191666667,19.7948833333333,1024,TRUE,3,Typewriter
baseline_large,tree_s,2h6m4s/Msamples,57105000,17705000,126.066666666667,119.98395,37.2001722222222,1024,TRUE,4,Typewriter
baseline_large,tree_s,2h14m37s/Msamples,53510000,10845000,134.616666666667,120.055630555556,24.3319625,1024,TRUE,5,Typewriter
baseline_large,tree_s,1h58m36s/Msamples,60770000,19570000,118.6,120.122033333333,38.6833666666667,1024,TRUE,6,Typewriter
baseline_large,tree_s,1h55m30s/Msamples,62410000,21735000,115.5,120.13925,41.839875,1024,TRUE,7,Typewriter
baseline_large,tree_s,2h31m31s/Msamples,47690000,15260000,151.516666666667,120.430497222222,38.5357388888889,1024,TRUE,8,Typewriter
baseline_large,tree_s,1h57m25s/Msamples,61355000,10630000,117.416666666667,120.068326388889,20.8023194444444,1024,TRUE,9,Typewriter
baseline_large,tree_s,1h58m7s/Msamples,60990000,15590000,118.116666666667,120.065591666667,30.6906472222222,1024,TRUE,10,Typewriter
baseline_large,tree_s,2h26m39s/Msamples,49180000,13410000,146.65,120.204116666667,32.776275,1024,TRUE,11,Typewriter
baseline_large,tree_s,2h1m6s/Msamples,59485000,11440000,121.1,120.060558333333,23.0897333333333,1024,TRUE,12,Typewriter
baseline_large,tree_s,2h5m46s/Msamples,57315000,10225000,125.766666666667,120.138608333333,21.4327361111111,1024,TRUE,13,Typewriter
baseline_large,tree_s,1h51m6s/Msamples,64845000,13980000,111.1,120.071325,25.8863,1024,TRUE,14,Typewriter
baseline_large,tree_s,2h1m10s/Msamples,59475000,14440000,121.166666666667,120.106458333333,29.1607777777778,1024,TRUE,15,Typewriter
baseline_large,tree_s,1h58m18s/Msamples,60925000,11585000,118.3,120.123791666667,22.8417583333333,1024,TRUE,16,Typewriter
baseline_large,tree_s,1h52m0s/Msamples,64360000,12430000,112,120.138666666667,23.2026666666667,1024,TRUE,17,Typewriter
baseline_large,tree_s,1h30m31s/Msamples,79510000,18445000,90.5166666666667,119.949669444444,27.8263319444444,1024,TRUE,18,Typewriter
baseline_large,tree_s,2h23m13s/Msamples,50290000,23020000,143.216666666667,120.039436111111,54.9474611111111,1024,TRUE,19,Typewriter
baseline_large,tree_s,2h3m54s/Msamples,58130000,14305000,123.9,120.03845,29.539825,1024,TRUE,20,Typewriter
baseline_large,tree_ss,1h20m29s/Msamples,89480000,20940000,80.4833333333333,120.027477777778,28.0886833333333,819,TRUE,1,Typewriter
baseline_large,tree_ss,1h8m3s/Msamples,100000000,41495000,68.05,113.416666666667,47.0622458333333,819,TRUE,2,Typewriter
baseline_large,tree_ss,1h23m25s/Msamples,86350000,17630000,83.4166666666667,120.050486111111,24.5105972222222,819,TRUE,3,Typewriter
baseline_large,tree_ss,1h21m4s/Msamples,88840000,15875000,81.0666666666667,120.032711111111,21.4488888888889,819,TRUE,4,Typewriter
baseline_large,tree_ss,1h27m58s/Msamples,81925000,13185000,87.9666666666667,120.111152777778,19.330675,819,TRUE,5,Typewriter
baseline_large,tree_ss,1h33m5s/Msamples,77380000,18230000,93.0833333333333,120.046472222222,28.2818194444444,819,TRUE,6,Typewriter
baseline_large,tree_ss,1h33m39s/Msamples,76925000,19685000,93.65,120.067104166667,30.7250041666667,819,TRUE,7,Typewriter
baseline_large,tree_ss,1h14m9s/Msamples,97155000,36210000,74.15,120.0673875,44.749525,819,TRUE,8,Typewriter
baseline_large,tree_ss,1h27m27s/Msamples,82285000,12720000,87.45,119.9303875,18.5394,819,TRUE,9,Typewriter
baseline_large,tree_ss,1h32m5s/Msamples,78245000,15820000,92.0833333333333,120.084340277778,24.2793055555556,819,TRUE,10,Typewriter
baseline_large,tree_ss,1h34m45s/Msamples,76035000,14095000,94.75,120.0719375,22.2583541666667,819,TRUE,11,Typewriter
baseline_large,tree_ss,1h16m33s/Msamples,94095000,33405000,76.55,120.0495375,42.6192125,819,TRUE,12,Typewriter
baseline_large,tree_ss,1h31m5s/Msamples,79095000,18405000,91.0833333333333,120.070604166667,27.9398125,819,TRUE,13,Typewriter
baseline_large,tree_ss,1h27m35s/Msamples,82250000,16720000,87.5833333333333,120.062152777778,24.4065555555556,819,TRUE,14,Typewriter
baseline_large,tree_ss,1h23m28s/Msamples,86290000,17620000,83.4666666666667,120.038977777778,24.5113777777778,819,TRUE,15,Typewriter
baseline_large,tree_ss,1h13m35s/Msamples,97855000,29280000,73.5833333333333,120.008284722222,35.9086666666667,819,TRUE,16,Typewriter
baseline_large,tree_ss,1h26m20s/Msamples,83420000,17835000,86.3333333333333,120.032111111111,25.6625833333333,819,TRUE,17,Typewriter
baseline_large,tree_ss,1h34m11s/Msamples,76510000,13145000,94.1833333333333,120.099447222222,20.6339986111111,819,TRUE,18,Typewriter
baseline_large,tree_ss,1h18m30s/Msamples,91670000,18660000,78.5,119.934916666667,24.4135,819,TRUE,19,Typewriter
baseline_large,tree_ss,1h20m14s/Msamples,89795000,13975000,80.2333333333333,120.075869444444,18.6876805555556,819,TRUE,20,Typewriter
baseline_large,tree_sd,2h46m34s/Msamples,43245000,20820000,166.566666666667,120.052925,57.7986333333333,1439,TRUE,1,Typewriter
baseline_large,tree_sd,2h46m7s/Msamples,43365000,29830000,166.116666666667,120.060820833333,82.5876694444444,1597,TRUE,2,Typewriter
baseline_large,tree_sd,2h54m9s/Msamples,41340000,7625000,174.15,119.98935,22.1315625,1476,TRUE,3,Typewriter
baseline_large,tree_sd,2h59m19s/Msamples,40150000,31510000,179.316666666667,119.992736111111,94.1711361111111,1570,TRUE,4,Typewriter
baseline_large,tree_sd,1h5m32s/Msamples,100000000,18995000,65.5333333333333,109.222222222222,20.7467611111111,601,TRUE,5,Typewriter
baseline_large,tree_sd,1h12m21s/Msamples,99475000,16440000,72.35,119.950270833333,19.8239,543,TRUE,6,Typewriter
baseline_large,tree_sd,2h48m11s/Msamples,42795000,12775000,168.183333333333,119.9567625,35.8090347222222,1101,TRUE,7,Typewriter
baseline_large,tree_sd,4h19m22s/Msamples,27730000,11765000,259.366666666667,119.870627777778,50.8574805555556,1668,TRUE,8,Typewriter
baseline_large,tree_sd,2h1m0s/Msamples,59470000,12940000,121,119.931166666667,26.0956666666667,1007,TRUE,9,Typewriter
baseline_large,tree_sd,1h51m17s/Msamples,64730000,12965000,111.283333333333,120.056169444444,24.0464736111111,936,TRUE,10,Typewriter
baseline_large,tree_sd,4h13m27s/Msamples,28485000,14340000,253.45,120.3253875,60.57455,1654,TRUE,11,Typewriter
baseline_large,tree_sd,2h1m54s/Msamples,59085000,19400000,121.9,120.041025,39.4143333333333,845,TRUE,12,Typewriter
baseline_large,tree_sd,3h13m37s/Msamples,37155000,15710000,193.616666666667,119.897120833333,50.6952972222222,1641,TRUE,13,Typewriter
baseline_large,tree_sd,1h29m41s/Msamples,80335000,11525000,89.6833333333333,120.078509722222,17.2266736111111,716,TRUE,14,Typewriter
baseline_large,tree_sd,3h16m31s/Msamples,36780000,14170000,196.516666666667,120.464716666667,46.4106861111111,1466,TRUE,15,Typewriter
baseline_large,tree_sd,41m35s/Msamples,100000000,12495000,41.5833333333333,69.3055555555556,8.65972916666667,367,TRUE,16,Typewriter
baseline_large,tree_sd,1h24m5s/Msamples,85730000,14565000,84.0833333333333,120.141069444444,20.4112291666667,656,TRUE,17,Typewriter
baseline_large,tree_sd,1h4m30s/Msamples,100000000,13995000,64.5,107.5,15.044625,475,TRUE,18,Typewriter
baseline_large,tree_sd,1h13m49s/Msamples,97660000,13760000,73.8166666666667,120.148927777778,16.9286222222222,551,TRUE,19,Typewriter
baseline_large,tree_sd,52m16s/Msamples,100000000,13995000,52.2666666666667,87.1111111111111,12.1912,475,TRUE,20,Typewriter
baseline_large,tree_sds,2h4m24s/Msamples,57695000,16765000,124.4,119.620966666667,34.7594333333333,1160,TRUE,1,Typewriter
baseline_large,tree_sds,1h58m8s/Msamples,60990000,21590000,118.133333333333,120.082533333333,42.5083111111111,1097,TRUE,2,Typewriter
baseline_large,tree_sds,1h54m26s/Msamples,63015000,14295000,114.433333333333,120.183608333333,27.2637416666667,924,TRUE,3,Typewriter
baseline_large,tree_sds,2h11m32s/Msamples,54835000,11475000,131.533333333333,120.210505555556,25.15575,1139,TRUE,4,Typewriter
baseline_large,tree_sds,1h15m34s/Msamples,95170000,18510000,75.5666666666667,119.861327777778,23.3123166666667,804,TRUE,5,Typewriter
baseline_large,tree_sds,1h6m34s/Msamples,100000000,16995000,66.5666666666667,110.944444444444,18.8550083333333,673,TRUE,6,Typewriter
baseline_large,tree_sds,1h40m50s/Msamples,71465000,12640000,100.833333333333,120.100902777778,21.2422222222222,882,TRUE,7,Typewriter
baseline_large,tree_sds,2h37m41s/Msamples,45720000,12565000,157.683333333333,120.1547,33.0215180555556,1102,TRUE,8,Typewriter
baseline_large,tree_sds,1h8m14s/Msamples,100000000,20495000,68.2333333333333,113.722222222222,23.3073694444444,644,TRUE,9,Typewriter
baseline_large,tree_sds,1h34m15s/Msamples,76470000,15140000,94.25,120.121625,23.7824166666667,799,TRUE,10,Typewriter
baseline_large,tree_sds,2h16m16s/Msamples,52920000,29785000,136.266666666667,120.1872,67.6450444444445,1231,TRUE,11,Typewriter
baseline_large,tree_sds,1h50m42s/Msamples,65110000,20505000,110.7,120.12795,37.831725,942,TRUE,12,Typewriter
baseline_large,tree_sds,1h41m7s/Msamples,71185000,15110000,101.116666666667,119.966498611111,25.4645472222222,999,TRUE,13,Typewriter
baseline_large,tree_sds,57m58s/Msamples,100000000,12995000,57.9666666666667,96.6111111111111,12.5546138888889,486,TRUE,14,Typewriter
baseline_large,tree_sds,1h15m35s/Msamples,95260000,18020000,75.5833333333333,120.001138888889,22.7001944444444,760,TRUE,15,Typewriter
baseline_large,tree_sds,2h27m20s/Msamples,48875000,26380000,147.333333333333,120.015277777778,64.7775555555556,1317,TRUE,16,Typewriter
baseline_large,tree_sds,1h39m36s/Msamples,72305000,22725000,99.6,120.0263,37.7235,1027,TRUE,17,Typewriter
baseline_large,tree_sds,1h57m25s/Msamples,61345000,8630000,117.416666666667,120.048756944444,16.8884305555556,1045,TRUE,18,Typewriter
baseline_large,tree_sds,1h50m23s/Msamples,65265000,12520000,110.383333333333,120.069470833333,23.0333222222222,1021,TRUE,19,Typewriter
baseline_large,tree_sds,1h28m12s/Msamples,81645000,18160000,88.2,120.01815,26.6952,989,TRUE,20,Typewriter
baseline_large,tree_bd,2h33m35s/Msamples,53500000,23345000,153.583333333333,136.945138888889,59.7567152777778,1421,TRUE,1,Typewriter
baseline_large,tree_bd,1h9m42s/Msamples,100000000,12495000,69.7,116.166666666667,14.515025,500,TRUE,2,Typewriter
baseline_large,tree_bd,3h6m9s/Msamples,38810000,15375000,186.15,120.408025,47.7009375,1288,TRUE,3,Typewriter
baseline_large,tree_bd,2h17m26s/Msamples,52515000,9245000,137.433333333333,120.288525,21.1761861111111,955,TRUE,4,Typewriter
baseline_large,tree_bd,2h50m21s/Msamples,42390000,14230000,170.35,120.352275,40.4013416666667,1261,TRUE,5,Typewriter
baseline_large,tree_bd,1h8m24s/Msamples,100000000,11495000,68.4,114,13.1043,503,TRUE,6,Typewriter
baseline_large,tree_bd,2h48m9s/Msamples,70365000,17030000,168.15,197.1979125,47.726575,1463,TRUE,7,Typewriter
baseline_large,tree_bd,2h23m3s/Msamples,50270000,33520000,143.05,119.852058333333,79.9172666666667,1047,TRUE,8,Typewriter
baseline_large,tree_bd,2h20m34s/Msamples,63865000,13380000,140.566666666667,149.621502777778,31.3463666666667,1219,TRUE,9,Typewriter
baseline_large,tree_bd,1h14m23s/Msamples,96465000,17140000,74.3833333333333,119.589804166667,21.2488388888889,578,TRUE,10,Typewriter
baseline_large,tree_bd,1h7m49s/Msamples,136200000,32115000,67.8166666666667,153.943833333333,36.2988708333333,675,TRUE,11,Typewriter
baseline_large,tree_bd,1h0m20s/Msamples,100000000,16495000,60.3333333333333,100.555555555556,16.5866388888889,494,TRUE,12,Typewriter
baseline_large,tree_bd,1h28m23s/Msamples,81525000,45645000,88.3833333333333,120.090854166667,67.2376208333333,813,TRUE,13,Typewriter
baseline_large,tree_bd,45m34s/Msamples,100000000,44495000,45.5666666666667,75.9444444444444,33.7914805555556,332,TRUE,14,Typewriter
baseline_large,tree_bd,3h0m17s/Msamples,40015000,19995000,180.283333333333,120.233959722222,60.0794208333333,1321,TRUE,15,Typewriter
baseline_large,tree_bd,1h14m56s/Msamples,96105000,14105000,74.9333333333333,120.024466666667,17.6155777777778,670,TRUE,16,Typewriter
baseline_large,tree_bd,2h3m35s/Msamples,82340000,23225000,123.583333333333,169.597527777778,47.8370486111111,1140,TRUE,17,Typewriter
baseline_large,tree_bd,53m48s/Msamples,100000000,11995000,53.8,89.6666666666667,10.7555166666667,434,TRUE,18,Typewriter
baseline_large,tree_bd,1h11m20s/Msamples,100000000,24995000,71.3333333333333,118.888888888889,29.7162777777778,747,TRUE,19,Typewriter
baseline_large,tree_bd,1h11m9s/Msamples,100000000,16995000,71.15,118.583333333333,20.1532375,781,TRUE,20,Typewriter
baseline_noise,tree_s,3m40s/Msamples,100000000,11495000,3.66666666666667,6.11111111111111,0.702472222222222,109,TRUE,1,Typewriter
baseline_noise,tree_s,3m51s/Msamples,100000000,11995000,3.85,6.41666666666667,0.769679166666667,118,TRUE,2,Typewriter
baseline_noise,tree_s,3m50s/Msamples,100000000,12495000,3.83333333333333,6.38888888888889,0.798291666666667,142,TRUE,3,Typewriter
baseline_noise,tree_s,2m13s/Msamples,100000000,13495000,2.21666666666667,3.69444444444444,0.498565277777778,132,TRUE,4,Typewriter
baseline_noise,tree_s,3m28s/Msamples,100000000,11995000,3.46666666666667,5.77777777777778,0.693044444444444,105,TRUE,5,Typewriter
baseline_noise,tree_s,3m45s/Msamples,100000000,11995000,3.75,6.25,0.7496875,124,TRUE,6,Typewriter
baseline_noise,tree_s,3m12s/Msamples,100000000,13495000,3.2,5.33333333333333,0.719733333333333,136,TRUE,7,Typewriter
baseline_noise,tree_s,3m22s/Msamples,100000000,12495000,3.36666666666667,5.61111111111111,0.701108333333333,130,TRUE,8,Typewriter
baseline_noise,tree_s,3m39s/Msamples,100000000,11495000,3.65,6.08333333333333,0.699279166666667,128,TRUE,9,Typewriter
baseline_noise,tree_s,3m36s/Msamples,100000000,12495000,3.6,6,0.7497,140,TRUE,10,Typewriter
baseline_noise,tree_s,3m3s/Msamples,100000000,11495000,3.05,5.08333333333333,0.584329166666667,120,TRUE,11,Typewriter
baseline_noise,tree_s,2m59s/Msamples,100000000,11995000,2.98333333333333,4.97222222222222,0.596418055555555,147,TRUE,12,Typewriter
baseline_noise,tree_s,3m38s/Msamples,100000000,12495000,3.63333333333333,6.05555555555556,0.756641666666667,171,TRUE,13,Typewriter
baseline_noise,tree_s,2m40s/Msamples,100000000,11495000,2.66666666666667,4.44444444444444,0.510888888888889,117,TRUE,14,Typewriter
baseline_noise,tree_s,2m46s/Msamples,100000000,11995000,2.76666666666667,4.61111111111111,0.553102777777778,123,TRUE,15,Typewriter
baseline_noise,tree_s,3m41s/Msamples,100000000,11495000,3.68333333333333,6.13888888888889,0.705665277777778,115,TRUE,16,Typewriter
baseline_noise,tree_s,2m48s/Msamples,100000000,12495000,2.8,4.66666666666667,0.5831,140,TRUE,17,Typewriter
baseline_noise,tree_s,2m27s/Msamples,100000000,12495000,2.45,4.08333333333333,0.5102125,125,TRUE,18,Typewriter
baseline_noise,tree_s,2m1s/Msamples,100000000,11495000,2.01666666666667,3.36111111111111,0.386359722222222,110,TRUE,19,Typewriter
baseline_noise,tree_s,3m58s/Msamples,100000000,12495000,3.96666666666667,6.61111111111111,0.826058333333333,125,TRUE,20,Typewriter
baseline_noise,tree_ss,2m1s/Msamples,100000000,14995000,2.01666666666667,3.36111111111111,0.503998611111111,135,TRUE,1,Typewriter
baseline_noise,tree_ss,2m2s/Msamples,100000000,11995000,2.03333333333333,3.38888888888889,0.406497222222222,125,TRUE,2,Typewriter
baseline_noise,tree_ss,2m19s/Msamples,100000000,11995000,2.31666666666667,3.86111111111111,0.463140277777778,99,TRUE,3,Typewriter
baseline_noise,tree_ss,2m48s/Msamples,100000000,12995000,2.8,4.66666666666667,0.606433333333333,97,TRUE,4,Typewriter
baseline_noise,tree_ss,1m33s/Msamples,100000000,11995000,1.55,2.58333333333333,0.309870833333333,93,TRUE,5,Typewriter
baseline_noise,tree_ss,2m11s/Msamples,100000000,12495000,2.18333333333333,3.63888888888889,0.454679166666667,102,TRUE,6,Typewriter
baseline_noise,tree_ss,2m28s/Msamples,100000000,12995000,2.46666666666667,4.11111111111111,0.534238888888889,99,TRUE,7,Typewriter
baseline_noise,tree_ss,1m27s/Msamples,100000000,12495000,1.45,2.41666666666667,0.3019625,85,TRUE,8,Typewriter
baseline_noise,tree_ss,1m49s/Msamples,100000000,12995000,1.81666666666667,3.02777777777778,0.393459722222222,106,TRUE,9,Typewriter
baseline_noise,tree_ss,2m4s/Msamples,100000000,12495000,2.06666666666667,3.44444444444444,0.430383333333333,84,TRUE,10,Typewriter
baseline_noise,tree_ss,3m6s/Msamples,100000000,11495000,3.1,5.16666666666667,0.593908333333333,90,TRUE,11,Typewriter
baseline_noise,tree_ss,2m59s/Msamples,100000000,12995000,2.98333333333333,4.97222222222222,0.646140277777778,131,TRUE,12,Typewriter
baseline_noise,tree_ss,1m52s/Msamples,100000000,12995000,1.86666666666667,3.11111111111111,0.404288888888889,100,TRUE,13,Typewriter
baseline_noise,tree_ss,2m47s/Msamples,100000000,11495000,2.78333333333333,4.63888888888889,0.533240277777778,111,TRUE,14,Typewriter
baseline_noise,tree_ss,2m2s/Msamples,100000000,12995000,2.03333333333333,3.38888888888889,0.440386111111111,97,TRUE,15,Typewriter
baseline_noise,tree_ss,2m7s/Msamples,100000000,11495000,2.11666666666667,3.52777777777778,0.405518055555556,93,TRUE,16,Typewriter
baseline_noise,tree_ss,1m57s/Msamples,100000000,13495000,1.95,3.25,0.4385875,132,TRUE,17,Typewriter
baseline_noise,tree_ss,2m5s/Msamples,100000000,12495000,2.08333333333333,3.47222222222222,0.433854166666667,91,TRUE,18,Typewriter
baseline_noise,tree_ss,2m33s/Msamples,100000000,13495000,2.55,4.25,0.5735375,121,TRUE,19,Typewriter
baseline_noise,tree_ss,2m39s/Msamples,100000000,14495000,2.65,4.41666666666667,0.640195833333333,136,TRUE,20,Typewriter
baseline_noise,tree_sd,8m17s/Msamples,100000000,15495000,8.28333333333333,13.8055555555556,2.13917083333333,198,TRUE,1,Typewriter
baseline_noise,tree_sd,3m51s/Msamples,100000000,13495000,3.85,6.41666666666667,0.865929166666667,174,TRUE,2,Typewriter
baseline_noise,tree_sd,3m43s/Msamples,100000000,13495000,3.71666666666667,6.19444444444444,0.835940277777778,153,TRUE,3,Typewriter
baseline_noise,tree_sd,3m20s/Msamples,100000000,13495000,3.33333333333333,5.55555555555556,0.749722222222222,170,TRUE,4,Typewriter
baseline_noise,tree_sd,2m2s/Msamples,100000000,11995000,2.03333333333333,3.38888888888889,0.406497222222222,72,TRUE,5,Typewriter
baseline_noise,tree_sd,2m5s/Msamples,100000000,11495000,2.08333333333333,3.47222222222222,0.399131944444444,63,TRUE,6,Typewriter
baseline_noise,tree_sd,8m51s/Msamples,100000000,11995000,8.85,14.75,1.7692625,166,TRUE,7,Typewriter
baseline_noise,tree_sd,4m0s/Msamples,100000000,11995000,4,6.66666666666667,0.799666666666667,181,TRUE,8,Typewriter
baseline_noise,tree_sd,2m19s/Msamples,100000000,11495000,2.31666666666667,3.86111111111111,0.443834722222222,114,TRUE,9,Typewriter
baseline_noise,tree_sd,3m41s/Msamples,100000000,12495000,3.68333333333333,6.13888888888889,0.767054166666667,128,TRUE,10,Typewriter
baseline_noise,tree_sd,5m4s/Msamples,100000000,14495000,5.06666666666667,8.44444444444444,1.22402222222222,195,TRUE,11,Typewriter
baseline_noise,tree_sd,3m58s/Msamples,100000000,11995000,3.96666666666667,6.61111111111111,0.793002777777778,110,TRUE,12,Typewriter
baseline_noise,tree_sd,3m55s/Msamples,100000000,13495000,3.91666666666667,6.52777777777778,0.880923611111111,205,TRUE,13,Typewriter
baseline_noise,tree_sd,2m55s/Msamples,100000000,11495000,2.91666666666667,4.86111111111111,0.558784722222222,101,TRUE,14,Typewriter
baseline_noise,tree_sd,7m54s/Msamples,100000000,16995000,7.9,13.1666666666667,2.237675,240,TRUE,15,Typewriter
baseline_noise,tree_sd,2m9s/Msamples,100000000,11495000,2.15,3.58333333333333,0.411904166666667,40,TRUE,16,Typewriter
baseline_noise,tree_sd,3m13s/Msamples,100000000,11995000,3.21666666666667,5.36111111111111,0.643065277777778,95,TRUE,17,Typewriter
baseline_noise,tree_sd,1m56s/Msamples,100000000,11995000,1.93333333333333,3.22222222222222,0.386505555555556,66,TRUE,18,Typewriter
baseline_noise,tree_sd,1m46s/Msamples,100000000,11995000,1.76666666666667,2.94444444444444,0.353186111111111,79,TRUE,19,Typewriter
baseline_noise,tree_sd,2m8s/Msamples,100000000,11495000,2.13333333333333,3.55555555555556,0.408711111111111,53,TRUE,20,Typewriter
baseline_noise,tree_sds,4m23s/Msamples,100000000,13495000,4.38333333333333,7.30555555555556,0.985884722222222,198,TRUE,1,Typewriter
baseline_noise,tree_sds,3m17s/Msamples,100000000,15995000,3.28333333333333,5.47222222222222,0.875281944444444,164,TRUE,2,Typewriter
baseline_noise,tree_sds,3m18s/Msamples,100000000,11995000,3.3,5.5,0.659725,99,TRUE,3,Typewriter
baseline_noise,tree_sds,3m7s/Msamples,100000000,11995000,3.11666666666667,5.19444444444444,0.623073611111111,129,TRUE,4,Typewriter
baseline_noise,tree_sds,1m43s/Msamples,100000000,12495000,1.71666666666667,2.86111111111111,0.357495833333333,93,TRUE,5,Typewriter
baseline_noise,tree_sds,1m56s/Msamples,100000000,12495000,1.93333333333333,3.22222222222222,0.402616666666667,109,TRUE,6,Typewriter
baseline_noise,tree_sds,2m28s/Msamples,100000000,13495000,2.46666666666667,4.11111111111111,0.554794444444444,143,TRUE,7,Typewriter
baseline_noise,tree_sds,2m49s/Msamples,100000000,13995000,2.81666666666667,4.69444444444444,0.6569875,150,TRUE,8,Typewriter
baseline_noise,tree_sds,1m18s/Msamples,100000000,12495000,1.3,2.16666666666667,0.270725,75,TRUE,9,Typewriter
baseline_noise,tree_sds,1m31s/Msamples,100000000,13495000,1.51666666666667,2.52777777777778,0.341123611111111,84,TRUE,10,Typewriter
baseline_noise,tree_sds,3m5s/Msamples,100000000,12995000,3.08333333333333,5.13888888888889,0.667798611111111,139,TRUE,11,Typewriter
baseline_noise,tree_sds,2m15s/Msamples,100000000,12995000,2.25,3.75,0.4873125,100,TRUE,12,Typewriter
baseline_noise,tree_sds,3m16s/Msamples,100000000,14495000,3.26666666666667,5.44444444444444,0.789172222222222,166,TRUE,13,Typewriter
baseline_noise,tree_sds,1m32s/Msamples,100000000,11995000,1.53333333333333,2.55555555555556,0.306538888888889,49,TRUE,14,Typewriter
baseline_noise,tree_sds,2m9s/Msamples,100000000,13995000,2.15,3.58333333333333,0.5014875,96,TRUE,15,Typewriter
baseline_noise,tree_sds,3m13s/Msamples,100000000,12995000,3.21666666666667,5.36111111111111,0.696676388888889,143,TRUE,16,Typewriter
baseline_noise,tree_sds,3m20s/Msamples,100000000,12495000,3.33333333333333,5.55555555555556,0.694166666666667,106,TRUE,17,Typewriter
baseline_noise,tree_sds,2m10s/Msamples,100000000,12495000,2.16666666666667,3.61111111111111,0.451208333333333,107,TRUE,18,Typewriter
baseline_noise,tree_sds,2m3s/Msamples,100000000,15995000,2.05,3.41666666666667,0.546495833333333,127,TRUE,19,Typewriter
baseline_noise,tree_sds,2m23s/Msamples,100000000,15495000,2.38333333333333,3.97222222222222,0.615495833333333,169,TRUE,20,Typewriter
baseline_noise,tree_bd,8m44s/Msamples,100000000,14495000,8.73333333333333,14.5555555555556,2.10982777777778,231,TRUE,1,Typewriter
baseline_noise,tree_bd,1m53s/Msamples,100000000,11995000,1.88333333333333,3.13888888888889,0.376509722222222,51,TRUE,2,Typewriter
baseline_noise,tree_bd,4m49s/Msamples,100000000,11995000,4.81666666666667,8.02777777777778,0.962931944444444,159,TRUE,3,Typewriter
baseline_noise,tree_bd,2m22s/Msamples,100000000,11995000,2.36666666666667,3.94444444444444,0.473136111111111,96,TRUE,4,Typewriter
baseline_noise,tree_bd,2m14s/Msamples,100000000,12495000,2.23333333333333,3.72222222222222,0.465091666666667,142,TRUE,5,Typewriter
baseline_noise,tree_bd,2m12s/Msamples,100000000,11995000,2.2,3.66666666666667,0.439816666666667,71,TRUE,6,Typewriter
baseline_noise,tree_bd,3m25s/Msamples,100000000,13495000,3.41666666666667,5.69444444444444,0.768465277777778,153,TRUE,7,Typewriter
baseline_noise,tree_bd,2m13s/Msamples,100000000,13995000,2.21666666666667,3.69444444444444,0.5170375,130,TRUE,8,Typewriter
baseline_noise,tree_bd,3m0s/Msamples,100000000,12495000,3,5,0.62475,126,TRUE,9,Typewriter
baseline_noise,tree_bd,2m23s/Msamples,100000000,11495000,2.38333333333333,3.97222222222222,0.456606944444444,60,TRUE,10,Typewriter
baseline_noise,tree_bd,2m41s/Msamples,100000000,12495000,2.68333333333333,4.47222222222222,0.558804166666667,87,TRUE,11,Typewriter
baseline_noise,tree_bd,1m34s/Msamples,100000000,11495000,1.56666666666667,2.61111111111111,0.300147222222222,64,TRUE,12,Typewriter
baseline_noise,tree_bd,3m6s/Msamples,100000000,12495000,3.1,5.16666666666667,0.645575,122,TRUE,13,Typewriter
baseline_noise,tree_bd,1m26s/Msamples,100000000,11995000,1.43333333333333,2.38888888888889,0.286547222222222,35,TRUE,14,Typewriter
baseline_noise,tree_bd,2m57s/Msamples,100000000,12495000,2.95,4.91666666666667,0.6143375,151,TRUE,15,Typewriter
baseline_noise,tree_bd,2m38s/Msamples,100000000,11495000,2.63333333333333,4.38888888888889,0.504502777777778,89,TRUE,16,Typewriter
baseline_noise,tree_bd,2m54s/Msamples,100000000,13495000,2.9,4.83333333333333,0.652258333333333,127,TRUE,17,Typewriter
baseline_noise,tree_bd,1m12s/Msamples,100000000,11495000,1.2,2,0.2299,49,TRUE,18,Typewriter
baseline_noise,tree_bd,1m29s/Msamples,100000000,12495000,1.48333333333333,2.47222222222222,0.308904166666667,92,TRUE,19,Typewriter
baseline_noise,tree_bd,2m11s/Msamples,100000000,12995000,2.18333333333333,3.63888888888889,0.472873611111111,89,TRUE,20,Typewriter
baseline_sampled,tree_ss,11m55s/Msamples,100000000,11495000,11.9166666666667,19.8611111111111,2.28303472222222,82,TRUE,1,Typewriter
baseline_sampled,tree_ss,9m55s/Msamples,100000000,11995000,9.91666666666667,16.5277777777778,1.98250694444444,81,TRUE,2,Typewriter
baseline_sampled,tree_ss,9m29s/Msamples,100000000,11995000,9.48333333333333,15.8055555555556,1.89587638888889,82,TRUE,3,Typewriter
baseline_sampled,tree_ss,11m30s/Msamples,100000000,11495000,11.5,19.1666666666667,2.20320833333333,82,TRUE,4,Typewriter
baseline_sampled,tree_ss,6m11s/Msamples,100000000,11495000,6.18333333333333,10.3055555555556,1.18462361111111,82,TRUE,5,Typewriter
baseline_sampled,tree_ss,9m46s/Msamples,100000000,11495000,9.76666666666667,16.2777777777778,1.87113055555556,82,TRUE,6,Typewriter
baseline_sampled,tree_ss,9m59s/Msamples,100000000,11495000,9.98333333333333,16.6388888888889,1.91264027777778,82,TRUE,7,Typewriter
baseline_sampled,tree_ss,8m46s/Msamples,100000000,11495000,8.76666666666667,14.6111111111111,1.67954722222222,82,TRUE,8,Typewriter
baseline_sampled,tree_ss,6m24s/Msamples,100000000,12495000,6.4,10.6666666666667,1.3328,82,TRUE,9,Typewriter
baseline_sampled,tree_ss,9m2s/Msamples,100000000,11495000,9.03333333333333,15.0555555555556,1.73063611111111,82,TRUE,10,Typewriter
baseline_sampled,tree_ss,10m17s/Msamples,100000000,11495000,10.2833333333333,17.1388888888889,1.97011527777778,82,TRUE,11,Typewriter
baseline_sampled,tree_ss,13m54s/Msamples,100000000,11995000,13.9,23.1666666666667,2.77884166666667,82,TRUE,12,Typewriter
baseline_sampled,tree_ss,6m0s/Msamples,100000000,11495000,6,10,1.1495,82,TRUE,13,Typewriter
baseline_sampled,tree_ss,5m14s/Msamples,100000000,11495000,5.23333333333333,8.72222222222222,1.00261944444444,81,TRUE,14,Typewriter
baseline_sampled,tree_ss,10m4s/Msamples,100000000,12495000,10.0666666666667,16.7777777777778,2.09638333333333,82,TRUE,15,Typewriter
baseline_sampled,tree_ss,6m17s/Msamples,100000000,11495000,6.28333333333333,10.4722222222222,1.20378194444444,82,TRUE,16,Typewriter
baseline_sampled,tree_ss,10m39s/Msamples,100000000,11495000,10.65,17.75,2.0403625,82,TRUE,17,Typewriter
baseline_sampled,tree_ss,9m59s/Msamples,100000000,11495000,9.98333333333333,16.6388888888889,1.91264027777778,82,TRUE,18,Typewriter
baseline_sampled,tree_ss,11m6s/Msamples,100000000,11495000,11.1,18.5,2.126575,82,TRUE,19,Typewriter
baseline_sampled,tree_ss,10m41s/Msamples,100000000,11995000,10.6833333333333,17.8055555555556,2.13577638888889,82,TRUE,20,Typewriter
baseline_sampled,tree_sds,17m5s/Msamples,100000000,11495000,17.0833333333333,28.4722222222222,3.27288194444444,116,TRUE,1,Typewriter
baseline_sampled,tree_sds,15m23s/Msamples,100000000,11495000,15.3833333333333,25.6388888888889,2.94719027777778,110,TRUE,2,Typewriter
baseline_sampled,tree_sds,12m16s/Msamples,100000000,11995000,12.2666666666667,20.4444444444444,2.45231111111111,92,TRUE,3,Typewriter
baseline_sampled,tree_sds,14m5s/Msamples,100000000,11495000,14.0833333333333,23.4722222222222,2.69813194444444,114,TRUE,4,Typewriter
baseline_sampled,tree_sds,11m15s/Msamples,100000000,11495000,11.25,18.75,2.1553125,80,TRUE,5,Typewriter
baseline_sampled,tree_sds,8m54s/Msamples,100000000,11495000,8.9,14.8333333333333,1.70509166666667,67,TRUE,6,Typewriter
baseline_sampled,tree_sds,8m39s/Msamples,100000000,11495000,8.65,14.4166666666667,1.65719583333333,88,TRUE,7,Typewriter
baseline_sampled,tree_sds,11m25s/Msamples,100000000,11995000,11.4166666666667,19.0277777777778,2.28238194444444,110,TRUE,8,Typewriter
baseline_sampled,tree_sds,10m6s/Msamples,100000000,11495000,10.1,16.8333333333333,1.93499166666667,64,TRUE,9,Typewriter
baseline_sampled,tree_sds,12m8s/Msamples,100000000,11495000,12.1333333333333,20.2222222222222,2.32454444444444,80,TRUE,10,Typewriter
baseline_sampled,tree_sds,12m39s/Msamples,100000000,11495000,12.65,21.0833333333333,2.42352916666667,123,TRUE,11,Typewriter
baseline_sampled,tree_sds,9m33s/Msamples,100000000,11495000,9.55,15.9166666666667,1.82962083333333,93,TRUE,12,Typewriter
baseline_sampled,tree_sds,11m46s/Msamples,100000000,11995000,11.7666666666667,19.6111111111111,2.35235277777778,100,TRUE,13,Typewriter
baseline_sampled,tree_sds,10m1s/Msamples,100000000,11495000,10.0166666666667,16.6944444444444,1.91902638888889,49,TRUE,14,Typewriter
baseline_sampled,tree_sds,11m43s/Msamples,100000000,11495000,11.7166666666667,19.5277777777778,2.24471805555556,76,TRUE,15,Typewriter
baseline_sampled,tree_sds,14m51s/Msamples,100000000,11495000,14.85,24.75,2.8450125,132,TRUE,16,Typewriter
baseline_sampled,tree_sds,10m42s/Msamples,100000000,11495000,10.7,17.8333333333333,2.04994166666667,103,TRUE,17,Typewriter
baseline_sampled,tree_sds,12m16s/Msamples,100000000,11495000,12.2666666666667,20.4444444444444,2.35008888888889,104,TRUE,18,Typewriter
baseline_sampled,tree_sds,12m9s/Msamples,100000000,11495000,12.15,20.25,2.3277375,102,TRUE,19,Typewriter
baseline_sampled,tree_sds,10m47s/Msamples,100000000,11995000,10.7833333333333,17.9722222222222,2.15576805555556,99,TRUE,20,Typewriter
baseline_sampled,tree_bd,14m43s/Msamples,100000000,11995000,14.7166666666667,24.5277777777778,2.94210694444444,142,TRUE,1,Typewriter
baseline_sampled,tree_bd,5m46s/Msamples,100000000,11495000,5.76666666666667,9.61111111111111,1.10479722222222,50,TRUE,2,Typewriter
baseline_sampled,tree_bd,11m30s/Msamples,100000000,11495000,11.5,19.1666666666667,2.20320833333333,129,TRUE,3,Typewriter
baseline_sampled,tree_bd,11m15s/Msamples,100000000,11495000,11.25,18.75,2.1553125,96,TRUE,4,Typewriter
baseline_sampled,tree_bd,12m59s/Msamples,100000000,11995000,12.9833333333333,21.6388888888889,2.59558472222222,126,TRUE,5,Typewriter
baseline_sampled,tree_bd,4m29s/Msamples,100000000,11995000,4.48333333333333,7.47222222222222,0.896293055555555,50,TRUE,6,Typewriter
baseline_sampled,tree_bd,12m21s/Msamples,100000000,11995000,12.35,20.5833333333333,2.46897083333333,145,TRUE,7,Typewriter
baseline_sampled,tree_bd,9m47s/Msamples,100000000,12995000,9.78333333333333,16.3055555555556,2.11890694444444,105,TRUE,8,Typewriter
baseline_sampled,tree_bd,12m53s/Msamples,100000000,11495000,12.8833333333333,21.4722222222222,2.46823194444444,122,TRUE,9,Typewriter
baseline_sampled,tree_bd,9m54s/Msamples,100000000,11495000,9.9,16.5,1.896675,58,TRUE,10,Typewriter
baseline_sampled,tree_bd,11m9s/Msamples,100000000,11495000,11.15,18.5833333333333,2.13615416666667,68,TRUE,11,Typewriter
baseline_sampled,tree_bd,4m51s/Msamples,100000000,11495000,4.85,8.08333333333333,0.929179166666666,49,TRUE,12,Typewriter
baseline_sampled,tree_bd,10m19s/Msamples,100000000,11495000,10.3166666666667,17.1944444444444,1.97650138888889,81,TRUE,13,Typewriter
baseline_sampled,tree_bd,5m9s/Msamples,100000000,11495000,5.15,8.58333333333333,0.986654166666667,33,TRUE,14,Typewriter
baseline_sampled,tree_bd,16m8s/Msamples,100000000,11495000,16.1333333333333,26.8888888888889,3.09087777777778,132,TRUE,15,Typewriter
baseline_sampled,tree_bd,8m57s/Msamples,100000000,11495000,8.95,14.9166666666667,1.71467083333333,67,TRUE,16,Typewriter
baseline_sampled,tree_bd,13m56s/Msamples,100000000,11995000,13.9333333333333,23.2222222222222,2.78550555555556,114,TRUE,17,Typewriter
baseline_sampled,tree_bd,6m6s/Msamples,100000000,11995000,6.1,10.1666666666667,1.21949166666667,43,TRUE,18,Typewriter
baseline_sampled,tree_bd,13m9s/Msamples,100000000,11495000,13.15,21.9166666666667,2.51932083333333,75,TRUE,19,Typewriter
baseline_sampled,tree_bd,13m18s/Msamples,100000000,11495000,13.3,22.1666666666667,2.54805833333333,78,TRUE,20,Typewriter
